price,ttr,cost,n_ev,win,first_c,first_t,mean_c,mean_t,boot_lo,boot_hi,train_c,test_c,test_t
"[0.80,0.85)","[5,15)",score (harness),2156,0.8448988470741788,-0.8574945426082919,-1.136537583772604,-0.9203974322999582,-1.2814208380823078,-2.316514246215539,0.4416733524185872,-0.8727028324743166,-1.0919556197324898,-0.7167576422265697
"[0.80,0.85)","[5,15)",real (fee=0),2156,0.8448988470741788,0.03418668831169871,0.045317859106234516,-0.06753775178901758,-0.09410087548719029,-1.4699190435467917,1.282324275002218,-0.012257074406516378,-0.26638317341861223,-0.1749671717459065
"[0.80,0.85)","[5,15)","real (fee=0, no slip)",2156,0.8448988470741788,0.45514842300556635,0.6033322871857162,0.356785419795624,0.49705863071174766,-1.0600238859071767,1.7573468329431332,0.41156156791900717,0.15975479744136442,0.10491653152699239
"[0.80,0.85)","[5,15)","passive maker bound (fill@bid, fee=0)",2156,0.8448988470741788,2.788775510204082,3.7057740685467224,2.767246996201078,3.8679585268880747,1.3965607606679038,4.202852661086079,2.8805997779471406,2.359515348427929,1.551274216192469
"[0.80,0.85)","[10,30)",score (harness),4017,0.8440267876431194,-0.674298312683723,-1.1849081997690925,-0.2864076451130802,-0.5404359960748938,-1.3212961666922038,0.7041655397016983,-0.5815711177408494,0.4173098170070436,0.4544266980945487
"[0.80,0.85)","[10,30)",real (fee=0),4017,0.8440267876431194,0.27133009708739,0.476763915324158,0.6209072433202611,1.1724194424344043,-0.45220561812917326,1.551626607535038,0.3424789920342417,1.2847252308008297,1.3998914625321475
"[0.80,0.85)","[10,30)","real (fee=0, no slip)",4017,0.8440267876431194,0.6887229275578797,1.2101929536233815,1.0412243934780743,1.9658832913638382,-0.09541270320102793,2.044409898244334,0.7612746994166141,1.7086697466321872,1.861629709178917
"[0.80,0.85)","[10,30)","passive maker bound (fill@bid, fee=0)",4017,0.8440267876431194,2.147025143141648,3.778253109829401,2.612853891045272,4.946878886695563,1.518306522728218,3.710113720971882,2.2749368244287185,3.4185028367275354,3.7325190805639408
"[0.80,0.85)","[30,60)",score (harness),7073,0.8328963320082325,-1.2719393646482309,-2.8801515150167054,-1.0272080495878653,-2.452344210048757,-1.8926881891183984,-0.19540644085012238,-1.4672049019740183,-0.3992235234814788,-0.636819442698926
"[0.80,0.85)","[30,60)",real (fee=0),7073,0.8328963320082325,-0.29949165841932895,-0.6780897101726466,-0.08644971769633651,-0.20651186095122223,-0.9548330470263026,0.7569596622253565,-0.5107064493657881,0.5190697562272216,0.8284449292634938
"[0.80,0.85)","[30,60)","real (fee=0, no slip)",7073,0.8328963320082325,0.11580658843489404,0.2622059853761787,0.3316294229533543,0.7921431161517742,-0.5362766531760019,1.183250533399004,-0.09363317099623211,0.9385845115725476,1.4978851802387316
"[0.80,0.85)","[30,60)","passive maker bound (fill@bid, fee=0)",7073,0.8328963320082325,1.3788350063622228,3.126748912498124,1.620660685533283,3.8757619453431285,0.7834133957587266,2.4559801070122087,1.119219705225563,2.3363412061577873,3.7345090505309617
"[0.80,0.85)","[60,120)",score (harness),11824,0.8369996714061154,-1.0127404890740066,-2.9660739646502865,-0.8066933845952396,-2.4664168281829926,-1.447358759339616,-0.18116458530801444,-1.3400386659597474,-0.2328977588575812,-0.5087053132705078
"[0.80,0.85)","[60,120)",real (fee=0),11824,0.8369996714061154,-0.02035690121784916,-0.059622259653926035,0.16058031386498986,0.49122491261061835,-0.48387059277417144,0.8035977433055415,-0.3679209914141428,0.7291645833085512,1.5936281156326226
"[0.80,0.85)","[60,120)","real (fee=0, no slip)",11824,0.8369996714061154,0.39411366711772766,1.1542958001984793,0.5772325317484528,1.7656776594428576,-0.07662895996741664,1.177925574306255,0.04852256729105726,1.1460412856450328,2.5045495580552806
"[0.80,0.85)","[60,120)","passive maker bound (fill@bid, fee=0)",11824,0.8369996714061154,1.5371532476319354,4.505025842533998,1.7380447549409983,5.322088917871455,1.079117162065267,2.3426775345226343,1.179592372933433,2.3388516715390253,5.11907031463907
"[0.80,0.85)","[120,300)",score (harness),16373,0.8327983004047932,-2.1844262541116355,-7.236418432176069,-1.8753609210054614,-6.496218237333802,-2.417616932095909,-1.3258552167978384,-2.0601643264773517,-1.706105567082166,-4.313374782790124
"[0.80,0.85)","[120,300)",real (fee=0),16373,0.8327983004047932,-1.1646683564404687,-3.858209491486157,-0.8874855464586046,-3.0752739697194253,-1.4499906079116662,-0.3389026791708713,-1.0702473907355938,-0.7200999912098336,-1.8211727161150382
"[0.80,0.85)","[120,300)","real (fee=0, no slip)",16373,0.8327983004047932,-0.7526415440053741,-2.49328560173593,-0.4723180299468154,-1.6365939122314082,-1.0351965393497016,0.10168552006811385,-0.6552227694788996,-0.3048016016391133,-0.7708310117697261
"[0.80,0.85)","[120,300)","passive maker bound (fill@bid, fee=0)",16373,0.8327983004047932,0.3423318878641659,1.1338580927626054,0.6217705372429952,2.154946327393338,0.05583897832829705,1.1767160043361227,0.44750835277054285,0.7813715339509152,1.9765980817831554
"[0.85,0.90)","[5,15)",score (harness),2728,0.9030339990852264,-0.21155376677626855,-0.3781438692303503,-0.4162293089702911,-0.775944408363666,-1.4589029773376496,0.590933534741451,-0.3896551556758166,-0.5054607310549308,-0.45055846065572663
"[0.85,0.90)","[5,15)",real (fee=0),2728,0.9030339990852264,0.4387276392961949,0.7844842882726387,0.19359851103198572,0.361297010855208,-0.8758301490386224,1.208510576440534,0.22373806975217067,0.09239507264567808,0.08242638357538806
"[0.85,0.90)","[5,15)","real (fee=0, no slip)",2728,0.9030339990852264,0.8833577712609965,1.5794502282903713,0.6411488153423632,1.196364140550619,-0.4244891018479735,1.6632764024170268,0.6708654267288895,0.5413655611339305,0.4829107054754016
"[0.85,0.90)","[5,15)","passive maker bound (fill@bid, fee=0)",2728,0.9030339990852264,2.991422287390029,5.388798001553378,2.801119198901457,5.281019154405803,1.7281999829807282,3.8615486372946037,2.875357558183438,2.551839596328413,2.3008347858417477
"[0.85,0.90)","[10,30)",score (harness),4779,0.8943665725097266,-0.754638031978787,-1.666430738117577,-0.8026574325160996,-1.8759091441610407,-1.690477076242859,0.019506259975248554,-0.9185290834547588,-0.5513204496113551,-0.7507923611289533
"[0.85,0.90)","[10,30)",real (fee=0),4779,0.8943665725097266,-0.04958286252353259,-0.10949852564984457,-0.14123969645867088,-0.3303778371903472,-0.9404895653385574,0.697989320966001,-0.2443509328503634,0.08241869494532489,0.1123143838037783
"[0.85,0.90)","[10,30)","real (fee=0, no slip)",4779,0.8943665725097266,0.3910232266164464,0.8635258332587059,0.30263004863396603,0.7078182786635602,-0.47147844468883343,1.117723454862456,0.19891113885931525,0.5276065432446304,0.718915856443497
"[0.85,0.90)","[10,30)","passive maker bound (fill@bid, fee=0)",4779,0.8943665725097266,1.8130571249215313,4.006209725640172,1.8248030977815595,4.284814822410245,0.9961945473076358,2.6581653738345663,1.7009135448306605,2.093531697053702,2.8663677741597002
"[0.85,0.90)","[30,60)",score (harness),7880,0.8856746276548868,-0.842200373664322,-2.3534542243874244,-0.8797151540327687,-2.5675553825362614,-1.5494296627544086,-0.1965333683754547,-1.2298718673452291,-0.41809343224602685,-0.8356333651351264
"[0.85,0.90)","[30,60)",real (fee=0),7880,0.8856746276548868,-0.12149073604060098,-0.33953045342988064,-0.19390776566138235,-0.5663379311959067,-0.8651304777892496,0.4533657310780288,-0.5288228727250879,0.247620505816248,0.4952304975392176
"[0.85,0.90)","[30,60)","real (fee=0, no slip)",7880,0.8856746276548868,0.31860406091370513,0.8903999670045342,0.24891467847199567,0.7269437869342478,-0.4298239912854155,0.9364746226574575,-0.08691995234035808,0.6916551847003444,1.3831930929436116
"[0.85,0.90)","[30,60)","passive maker bound (fill@bid, fee=0)",7880,0.8856746276548868,1.5286548223350254,4.274980027201217,1.485895912616364,4.34460646518528,0.7898979522726456,2.1434771335784175,1.0832426694354695,2.0167253279425155,4.046259237503443
"[0.85,0.90)","[60,120)",score (harness),12199,0.8899158535493689,-0.48243114317999436,-1.6691455802773252,-0.6328443853751163,-2.268674406541635,-1.1844880609708035,-0.07438893624017479,-1.0681440183800412,-0.19675901296043516,-0.5129553015532724
"[0.85,0.90)","[60,120)",real (fee=0),12199,0.8899158535493689,0.26360558242479804,0.9119937429235265,0.07878216051441514,0.2825564565962507,-0.467056471546314,0.626948315095132,-0.34975979934056933,0.508097661813181,1.3251870694123584
"[0.85,0.90)","[60,120)","real (fee=0, no slip)",12199,0.8899158535493689,0.702098532666612,2.4290618069758976,0.5201486150217284,1.8654572445569242,-0.047989848505549895,1.0403264389032467,0.09122936360875872,0.9498420889101729,2.4772101236293866
"[0.85,0.90)","[60,120)","passive maker bound (fill@bid, fee=0)",12199,0.8899158535493689,1.7923354373309288,6.205050479829375,1.6238300637182024,5.828733649007297,1.0877229527546952,2.1301518914521744,1.1784768814752276,2.069987132571724,5.404253257623175
"[0.85,0.90)","[120,300)",score (harness),13473,0.886905682439696,-1.7348937880016218,-5.916183167665249,-2.111865191900607,-7.404005857854876,-2.6922952858154248,-1.56417217427129,-2.0372268201846193,-2.1731592613129807,-5.612819023173965
"[0.85,0.90)","[120,300)",real (fee=0),13473,0.886905682439696,-0.9506208713723633,-3.2418049872261907,-1.3724077416092695,-4.813778179875475,-1.953602818307245,-0.783661920155815,-1.2958607443919656,-1.4353119672579195,-3.7088598465834126
"[0.85,0.90)","[120,300)","real (fee=0, no slip)",13473,0.886905682439696,-0.5153269501966893,-1.7573620517013928,-0.9332016896556048,-3.2730969467679882,-1.5089538020615911,-0.3683742350818599,-0.8567475586627287,-0.9960277267202611,-2.5736255298174213
"[0.85,0.90)","[120,300)","passive maker bound (fill@bid, fee=0)",13473,0.886905682439696,0.5518444295999414,1.8823081556034875,0.13082148935802235,0.45902384987248757,-0.44044470064983526,0.6693820719641823,0.20667417327273427,0.06849565974413763,0.17708870088718676
"[0.90,0.95)","[5,15)",score (harness),3720,0.9415274463007159,-0.7608589235890992,-1.9295490153889363,-0.9903738564092766,-2.6508431718567165,-1.736234872877531,-0.2861887356518066,-0.755025476794102,-1.6660514624012306,-2.178691542587921
"[0.90,0.95)","[5,15)",real (fee=0),3720,0.9415274463007159,-0.3603575268817116,-0.914096588249192,-0.6289386306323503,-1.6859095753371056,-1.3696632585365365,0.09036732732495806,-0.3902011710592075,-1.3143461758584705,-1.721100996774077
"[0.90,0.95)","[5,15)","real (fee=0, no slip)",3720,0.9415274463007159,0.10591397849462468,0.268654068854799,-0.1601915642601108,-0.429323567423584,-0.9490084837429578,0.549635098779657,0.07826397878228426,-0.8447897362205353,-1.1060428302560736
"[0.90,0.95)","[5,15)","passive maker bound (fill@bid, fee=0)",3720,0.9415274463007159,1.7979569892473117,4.577908492537111,1.619128733572283,4.373776588988193,0.8976944668458791,2.332848750853388,1.9169376413124157,0.7641289661893214,1.0118359210805006
"[0.90,0.95)","[10,30)",score (harness),6048,0.9339709573893425,-0.8870385459229028,-2.748482265510702,-1.0402517208672826,-3.4305295063745875,-1.6301920216820536,-0.4539211210808668,-1.109027152301853,-0.9023933672465718,-1.8142588630279124
"[0.90,0.95)","[10,30)",real (fee=0),6048,0.9339709573893425,-0.45992791005290223,-1.4251943349537395,-0.6547707610670196,-2.1616334196396676,-1.250482106463037,-0.05689688915795021,-0.7125687536464829,-0.5389163646148911,-1.0844925367535472
"[0.90,0.95)","[10,30)","real (fee=0, no slip)",6048,0.9339709573893425,0.005158730158730442,0.015985323793119472,-0.18691417988621092,-0.6169912925329651,-0.7885867198516439,0.42698628353416807,-0.2454104958586684,-0.06966001448687346,-0.14016190965614767
"[0.90,0.95)","[10,30)","passive maker bound (fill@bid, fee=0)",6048,0.9339709573893425,1.281960978835978,3.9807424231965323,1.1824482721694352,3.918758798419462,0.5975240650517571,1.7549977897097662,1.0743589795657313,1.3991101179995127,2.8365036660981544
"[0.90,0.95)","[30,60)",score (harness),9230,0.936108612547785,-0.9056990364668103,-3.399506513959995,-1.1821142764317356,-4.62515756309442,-1.691419133158905,-0.7058317932411805,-1.457253662321445,-0.8595750245803252,-2.39859521401797
"[0.90,0.95)","[30,60)",real (fee=0),9230,0.936108612547785,-0.46072080173347074,-1.7294601489875165,-0.7791852028592969,-3.0513351702181044,-1.279458277780955,-0.2950337145224779,-1.0426987629076039,-0.4702746256409829,-1.3136259839283013
"[0.90,0.95)","[30,60)","real (fee=0, no slip)",9230,0.936108612547785,0.003185265438786494,0.01195676796197733,-0.3121664535489928,-1.2223577109923036,-0.8257600605077391,0.1582870892180391,-0.5763123801813028,-0.00251456826880113,-0.0070231995888722755
"[0.90,0.95)","[30,60)","passive maker bound (fill@bid, fee=0)",9230,0.936108612547785,1.1244637053087747,4.220688679420961,0.8285622326703589,3.248378178927927,0.34546156905105496,1.2864430255282808,0.5116799400901416,1.2000356850925906,3.3614387736526874
"[0.90,0.95)","[60,120)",score (harness),12472,0.9406491695866752,-0.5475377615009632,-2.3854265804326533,-1.0525146427493046,-4.711992095192407,-1.4952005812767473,-0.6355132981706222,-0.9978936163693688,-1.1008145169601768,-3.618242618683643
"[0.90,0.95)","[60,120)",real (fee=0),12472,0.9406491695866752,-0.07872626683771068,-0.3429975478020573,-0.6304045580148736,-2.8242426743142905,-1.052053008902919,-0.19544134021872306,-0.5682593655908051,-0.6853578457106089,-2.2544402454816916
"[0.90,0.95)","[60,120)","real (fee=0, no slip)",12472,0.9406491695866752,0.38367543296985135,1.6716056952224538,-0.16445158664576365,-0.7367031937187732,-0.5819374098312372,0.25388191309057867,-0.10281731751581495,-0.21895307889800547,-0.7201779147419005
"[0.90,0.95)","[60,120)","passive maker bound (fill@bid, fee=0)",12472,0.9406491695866752,1.4395766516998059,6.275325444217593,0.8978337788572657,4.027196619507267,0.4623291036752495,1.3413349932083152,0.9484237389250271,0.8530984659283326,2.8101027368872566
"[0.90,0.95)","[120,300)",score (harness),9887,0.9380436008033705,-0.8251209660133475,-2.9901544664030935,-1.657999615612854,-6.106745415746546,-2.2110258264512272,-1.1176680599680984,-1.5022403203649792,-1.776211526932447,-4.918264932697267
"[0.90,0.95)","[120,300)",real (fee=0),9887,0.9380436008033705,-0.3013305350460163,-1.0919860277029665,-1.1978012016008586,-4.413976780096364,-1.7377238814937013,-0.6581399452115232,-1.0382485127930614,-1.3188920698545614,-3.6539885090263646
"[0.90,0.95)","[120,300)","real (fee=0, no slip)",9887,0.9380436008033705,0.15667037524021174,0.5677548613857281,-0.7347682352149363,-2.7075543962977346,-1.262722030534667,-0.19438286222618992,-0.5754471355093745,-0.8556833413070779,-2.3705564861151567
"[0.90,0.95)","[120,300)","passive maker bound (fill@bid, fee=0)",9887,0.9380436008033705,1.203701830686758,4.36367080489129,0.30704421086394407,1.1321630012809467,-0.21114691650859974,0.8463423622491445,0.45856790528133307,0.19204686512749478,0.5324371572605489
"[0.95,0.98)","[5,15)",score (harness),4477,0.9734073452526948,-0.8509435620640456,-3.326126573120618,-1.0126639297140387,-4.11380476202697,-1.5234376218174508,-0.5181924229464712,-0.9280672566613453,-1.2308165014710244,-2.5507210403712377
"[0.95,0.98)","[5,15)",real (fee=0),4477,0.9734073452526948,-0.6855441143622849,-2.680088695532341,-0.8687392070051049,-3.5332208466701758,-1.3589634902796723,-0.3883286052256396,-0.7842701731467431,-1.0865626308476917,-2.254629175556636
"[0.95,0.98)","[5,15)","real (fee=0, no slip)",4477,0.9734073452526948,-0.20017869108777991,-0.7825743356073682,-0.3820919443646699,-1.5538090170678467,-0.8787039214539195,0.09570171706535491,-0.2975196075537039,-0.6001817593544196,-1.2452229849576402
"[0.95,0.98)","[5,15)","passive maker bound (fill@bid, fee=0)",4477,0.9734073452526948,1.1464596828233218,4.48318480908976,1.012578345760166,4.145458847937372,0.5159482943687512,1.4718765786152161,1.1313368316948622,0.7063314427822844,1.4792710896976795
"[0.95,0.98)","[10,30)",score (harness),7020,0.9709948688711516,-0.8268538106331774,-3.900754939420254,-1.0800947657022757,-5.306789429895151,-1.4676991364677319,-0.6664236694916014,-1.1696177009890416,-0.9265972038068695,-2.9239985221281395
"[0.95,0.98)","[10,30)",real (fee=0),7020,0.9709948688711516,-0.6428591880341769,-3.0325657754165136,-0.9248198219074268,-4.5481247645920515,-1.3313731638305781,-0.5528723121563374,-1.007176880662407,-0.7836089949470311,-2.4747516377189163
"[0.95,0.98)","[10,30)","real (fee=0, no slip)",7020,0.9709948688711516,-0.15873219373219138,-0.7487856562507562,-0.4387692050808166,-2.157582765450632,-0.8312674941304098,-0.03470525466715592,-0.5216222541717003,-0.29670794457463795,-0.9369600134074862
"[0.95,0.98)","[10,30)","passive maker bound (fill@bid, fee=0)",7020,0.9709948688711516,0.9623361823361853,4.549742374337683,0.7105356163993316,3.5072447603029975,0.32410510715448926,1.1054700719138775,0.622810091507729,0.86095130757078,2.7276569339935843
"[0.95,0.98)","[30,60)",score (harness),9913,0.9727345629510826,-0.9552305053359239,-5.237236482508103,-1.2113698315211736,-6.857527265697769,-1.5593242766167004,-0.8676002786677369,-1.4394934031012068,-0.9812585570884671,-4.169993946697215
"[0.95,0.98)","[30,60)",real (fee=0),9913,0.9727345629510826,-0.7686274588923521,-4.214511588088767,-1.0524203606307592,-5.962664210193361,-1.4123886952598521,-0.7071836092521363,-1.2752128438018853,-0.827686625833218,-3.5220541149093942
"[0.95,0.98)","[30,60)","real (fee=0, no slip)",9913,0.9727345629510826,-0.28455563401593614,-1.5602465524898192,-0.5664799916884866,-3.209232851826263,-0.9068365361508697,-0.22967235205454004,-0.7895080716237673,-0.3415086073079747,-1.4530228370276672
"[0.95,0.98)","[30,60)","passive maker bound (fill@bid, fee=0)",9913,0.9727345629510826,0.7748108544335752,4.254729245968736,0.49626270443633913,2.8204155472530066,0.13890012025101542,0.8365325664412221,0.24026956646772102,0.754486380385231,3.2322211122640234
"[0.95,0.98)","[60,120)",score (harness),10955,0.9725279276393897,-0.5942534047646302,-3.454322423477103,-1.027961434696826,-6.060731416517679,-1.3650196410881992,-0.7189399657880556,-1.02527288617105,-1.0299695930917767,-4.642713201073869
"[0.95,0.98)","[60,120)",real (fee=0),10955,0.9725279276393897,-0.38736458238246213,-2.2515848669507452,-0.8560779424393532,-5.049489275298044,-1.1814781143189206,-0.5271401449557982,-0.8480748645695664,-0.8620556839067555,-3.8880661989780605
"[0.95,0.98)","[60,120)","real (fee=0, no slip)",10955,0.9725279276393897,0.09531720675490929,0.5540407300369082,-0.37090671321433266,-2.1876730732624425,-0.7183725729435512,-0.04437589084942299,-0.3632285028414422,-0.37664180130022307,-1.698648853185751
"[0.95,0.98)","[60,120)","passive maker bound (fill@bid, fee=0)",10955,0.9725279276393897,1.112167959835695,6.465729789644021,0.6522869484871292,3.850391057499565,0.31232494587375215,0.981568478049135,0.6497634709859711,0.6541718103298056,2.9540410184283807
"[0.95,0.98)","[120,300)",score (harness),5347,0.9738520629844625,-0.7075842133136233,-2.6899538479380536,-1.2101498759828047,-4.64828434468635,-1.7598571283493667,-0.6810798544706043,-1.1542023217345394,-1.245574213171764,-3.7453299362215184
"[0.95,0.98)","[120,300)",real (fee=0),5347,0.9738520629844625,-0.47321862726761493,-1.7989248791160253,-1.0146980121339029,-3.8989659596765587,-1.5466636749895009,-0.5169015337283805,-0.955056989385736,-1.0524609443748774,-3.1659528680176483
"[0.95,0.98)","[120,300)","real (fee=0, no slip)",5347,0.9738520629844625,0.007480830372174573,0.02843822809039554,-0.5311833796405003,-2.041004980363337,-1.0335756643959189,-0.02851703693507289,-0.47178273562080986,-0.5687941111777081,-1.7109536071247735
"[0.95,0.98)","[120,300)","passive maker bound (fill@bid, fee=0)",5347,0.9738520629844625,1.0297363007293847,3.9184458364685493,0.4861021021134553,1.868238031947454,0.001784346057921543,0.9820575357933738,0.5414664515583067,0.451047032962821,1.3571797458346615
