slug,asset,horizon,outcome,gross,fees,net,n_fills,bought,sold,orders,fill_rate,inv_up,inv_down
btc-updown-15m-1789246800,btc,15m,DOWN,-12.0,0.0,-12.0,24.0,1000.0,1200.0,74.0,0.2972972972972973,-100.0,-100.0
btc-updown-15m-1789247700,btc,15m,UP,-74.00661634,0.0,-74.00661634,14.0,437.79999999999995,634.530817,81.0,0.16049382716049382,-289.23081700000006,92.5
btc-updown-15m-1789248600,btc,15m,UP,-64.09879999999998,0.0,-64.09879999999998,19.0,611.66,1000.0,109.0,0.1559633027522936,-300.0,-88.34
btc-updown-15m-1789249500,btc,15m,UP,-36.50299999999999,0.0,-36.50299999999999,8.0,200.0,422.1,70.0,0.1,-122.10000000000001,-100.0
btc-updown-15m-1789251300,btc,15m,DOWN,138.23742013999993,0.0,138.23742013999993,22.0,556.05,832.12788,111.0,0.15315315315315314,-246.25,-29.827879999999993
btc-updown-5m-1789246500,btc,5m,UP,-25.100151450000013,0.0,-25.100151450000013,16.0,300.0,965.8102620000001,91.0,0.16483516483516483,-337.875893,-327.93436900000006
btc-updown-5m-1789246800,btc,5m,UP,-54.87037120999999,0.0,-54.87037120999999,37.0,700.0,1287.4485689999995,107.0,0.18691588785046728,-387.44856899999996,-200.0
btc-updown-5m-1789247100,btc,5m,UP,-42.23999999999998,0.0,-42.23999999999998,15.0,200.0,822.48,119.0,0.09243697478991597,-322.47999999999996,-300.0
btc-updown-5m-1789247400,btc,5m,DOWN,-91.7715,0.0,-91.7715,17.0,475.43,1100.0,172.0,0.09302325581395349,-324.57,-300.0
btc-updown-5m-1789247700,btc,5m,UP,-3.047299229999993,0.0,-3.047299229999993,16.0,100.0,722.9556430000001,68.0,0.1323529411764706,-300.0,-322.955643
btc-updown-5m-1789248000,btc,5m,UP,-10.000000000000025,0.0,-10.000000000000025,43.0,200.0,800.0,150.0,0.06666666666666667,-300.00000000000006,-300.0
btc-updown-5m-1789248300,btc,5m,UP,-56.934139990000006,0.0,-56.934139990000006,31.0,551.02,1287.7207240000002,121.0,0.1652892561983471,-348.98,-387.7207239999999
btc-updown-5m-1789248600,btc,5m,UP,-29.06287214000002,0.0,-29.06287214000002,19.0,509.88,1096.627271,99.0,0.1717171717171717,-286.74727100000007,-300.0
btc-updown-5m-1789248900,btc,5m,UP,-52.81794079999999,0.0,-52.81794079999999,23.0,209.62,808.0229400000001,102.0,0.11764705882352941,-308.02293999999995,-290.38
btc-updown-5m-1789249200,btc,5m,UP,-47.09016448000003,0.0,-47.09016448000003,45.0,700.0,1338.3317639999998,139.0,0.15827338129496402,-338.331764,-300.0
btc-updown-5m-1789249500,btc,5m,UP,-58.44357,0.0,-58.44357,41.0,1400.0,1907.667,180.0,0.18888888888888888,-307.66700000000003,-200.0
btc-updown-5m-1789249800,btc,5m,DOWN,-106.88039932000001,0.0,-106.88039932000001,12.0,0.0,503.84461799999997,25.0,0.24,-124.004618,-379.8399999999999
btc-updown-5m-1789250700,btc,5m,DOWN,-113.15659999999997,0.0,-113.15659999999997,26.0,795.26,1301.36,143.0,0.15384615384615385,-201.36,-304.74
btc-updown-5m-1789251000,btc,5m,DOWN,-21.186399999999992,0.0,-21.186399999999992,27.0,500.0,1108.1399999999999,132.0,0.12878787878787878,-300.0,-308.14
btc-updown-5m-1789251300,btc,5m,UP,-20.999999999999996,0.0,-20.999999999999996,10.0,100.0,700.0,101.0,0.07920792079207921,-300.0,-300.0
btc-updown-5m-1789251600,btc,5m,UP,-69.58019988000001,0.0,-69.58019988000001,19.0,581.74,1102.2514290000001,145.0,0.1310344827586207,-300.2,-220.311429
btc-updown-5m-1789251900,btc,5m,DOWN,-95.57595983999998,0.0,-95.57595983999998,28.0,300.0,1009.9899669999999,91.0,0.17582417582417584,-385.244167,-324.74580000000003
btc-updown-5m-1789252200,btc,5m,UP,-44.17419994000001,0.0,-44.17419994000001,24.0,600.0,1222.4424139999999,138.0,0.14492753623188406,-300.0,-322.442414
btc-updown-5m-1789252500,btc,5m,UP,-10.000000000000007,0.0,-10.000000000000007,11.0,200.0,800.0,104.0,0.09615384615384616,-300.0,-300.0
doge-updown-15m-1789246800,doge,15m,UP,-28.000000000000004,0.0,-28.000000000000004,1.0,0.0,100.0,74.0,0.013513513513513514,-100.0,0.0
doge-updown-15m-1789247700,doge,15m,DOWN,-0.01493482000000001,0.0,-0.01493482000000001,1.0,0.0,0.06493400000000005,164.0,0.006097560975609756,0.0,-0.06493400000000005
doge-updown-15m-1789248600,doge,15m,DOWN,23.35000004,0.0,23.35000004,3.0,0.0,202.692308,119.0,0.025210084033613446,-202.692308,0.0
doge-updown-15m-1789249500,doge,15m,DOWN,-14.306328880000004,0.0,-14.306328880000004,3.0,0.0,201.392404,100.0,0.03,-100.0,-101.392404
doge-updown-15m-1789250400,doge,15m,DOWN,-171.0,0.0,-171.0,2.0,0.0,200.0,127.0,0.015748031496062992,0.0,-200.0
doge-updown-15m-1789251300,doge,15m,UP,0.0,0.0,0.0,0.0,0.0,0.0,40.0,0.0,0.0,0.0
doge-updown-5m-1789246500,doge,5m,DOWN,-29.000000000000004,0.0,-29.000000000000004,1.0,0.0,100.0,76.0,0.013157894736842105,0.0,-100.0
doge-updown-5m-1789246800,doge,5m,UP,0.0,0.0,0.0,0.0,0.0,0.0,140.0,0.0,0.0,0.0
doge-updown-5m-1789247100,doge,5m,UP,-158.20592322,0.0,-158.20592322,4.0,0.0,304.085043,115.0,0.034782608695652174,-304.085043,0.0
doge-updown-5m-1789247400,doge,5m,DOWN,123.879592,0.0,123.879592,5.0,0.0,306.0204,176.0,0.022727272727272728,-200.0,-106.0204
doge-updown-5m-1789247700,doge,5m,DOWN,0.0,0.0,0.0,0.0,0.0,0.0,110.0,0.0,0.0,0.0
doge-updown-5m-1789248300,doge,5m,DOWN,-59.491071749999996,0.0,-59.491071749999996,4.0,0.0,305.535715,238.0,0.01680672268907563,-100.0,-205.53571499999998
doge-updown-5m-1789248600,doge,5m,DOWN,-0.8000000000000002,0.0,-0.8000000000000002,1.0,0.0,5.0,140.0,0.007142857142857143,0.0,-5.0
doge-updown-5m-1789248900,doge,5m,DOWN,0.0,0.0,0.0,0.0,0.0,0.0,156.0,0.0,0.0,0.0
doge-updown-5m-1789249200,doge,5m,UP,-76.0,0.0,-76.0,1.0,0.0,100.0,206.0,0.0048543689320388345,-100.0,0.0
doge-updown-5m-1789249500,doge,5m,DOWN,17.0,0.0,17.0,3.0,0.0,300.0,190.0,0.015789473684210527,-200.0,-100.0
doge-updown-5m-1789249800,doge,5m,UP,0.0,0.0,0.0,0.0,0.0,0.0,34.0,0.0,0.0,0.0
doge-updown-5m-1789250100,doge,5m,DOWN,36.7168,0.0,36.7168,3.0,0.0,202.24,108.0,0.027777777777777776,-202.24,0.0
doge-updown-5m-1789250400,doge,5m,UP,-130.0,0.0,-130.0,4.0,0.0,400.0,131.0,0.030534351145038167,-200.0,-200.0
doge-updown-5m-1789250700,doge,5m,DOWN,187.81157845,0.0,187.81157845,4.0,0.0,303.473685,174.0,0.022988505747126436,-300.0,-3.4736849999999997
doge-updown-5m-1789251000,doge,5m,DOWN,-11.275000000000006,0.0,-11.275000000000006,6.0,0.0,419.375,201.0,0.024875621890547265,-200.0,-219.375
doge-updown-5m-1789251300,doge,5m,UP,-38.902074999999996,0.0,-38.902074999999996,4.0,0.0,372.8275,72.0,0.05555555555555555,-300.0,-72.8275
doge-updown-5m-1789251600,doge,5m,UP,-17.59420256,0.0,-17.59420256,5.0,100.0,311.231883,131.0,0.03816793893129771,-111.23188299999998,-100.0
doge-updown-5m-1789251900,doge,5m,DOWN,-17.221600000000002,0.0,-17.221600000000002,5.0,216.88,0.0,143.0,0.03496503496503497,216.88,0.0
doge-updown-5m-1789252200,doge,5m,DOWN,-38.00000000000001,0.0,-38.00000000000001,2.0,0.0,200.0,127.0,0.015748031496062992,-100.0,-100.0
eth-updown-15m-1789246800,eth,15m,UP,-0.013130999999999997,0.0,-0.013130999999999997,1.0,0.0,1.3130999999999986,32.0,0.03125,-1.3130999999999986,0.0
eth-updown-15m-1789247700,eth,15m,DOWN,-44.000000000000014,0.0,-44.000000000000014,11.0,200.0,800.0,205.0,0.04878048780487805,-300.0,-300.0
eth-updown-15m-1789248600,eth,15m,DOWN,-43.16500000000002,0.0,-43.16500000000002,14.0,221.5,900.0,134.0,0.08955223880597014,-300.0,-378.5
eth-updown-15m-1789249500,eth,15m,DOWN,127.0,0.0,127.0,3.0,0.0,300.0,151.0,0.019867549668874173,-300.0,0.0
eth-updown-15m-1789250400,eth,15m,DOWN,-103.6805,0.0,-103.6805,6.0,129.95,400.0,143.0,0.04195804195804196,29.950000000000003,-300.0
eth-updown-15m-1789251300,eth,15m,DOWN,52.65714212,0.0,52.65714212,4.0,0.0,327.142858,70.0,0.05714285714285714,-200.0,-127.14285799999999
eth-updown-5m-1789246500,eth,5m,DOWN,-115.0,0.0,-115.0,6.0,100.0,500.0,95.0,0.06315789473684211,-100.0,-300.0
eth-updown-5m-1789246800,eth,5m,UP,99.24310000000001,0.0,99.24310000000001,8.0,4.99,605.0,138.0,0.057971014492753624,-300.01,-300.0
eth-updown-5m-1789247100,eth,5m,UP,-179.18996857,0.0,-179.18996857,12.0,300.0,470.396288,103.0,0.10679611650485436,-304.639343,134.243055
eth-updown-5m-1789247400,eth,5m,DOWN,-27.824549999999988,0.0,-27.824549999999988,8.0,100.0,601.1949999999999,158.0,0.05063291139240506,-200.0,-301.195
eth-updown-5m-1789247700,eth,5m,DOWN,-136.29294075000004,0.0,-136.29294075000004,11.0,0.0,448.82720800000004,90.0,0.08888888888888889,-148.28666700000002,-300.540541
eth-updown-5m-1789248000,eth,5m,DOWN,76.0,0.0,76.0,4.0,0.0,400.0,227.0,0.01762114537444934,-300.0,-100.0
eth-updown-5m-1789248300,eth,5m,UP,-5.0,0.0,-5.0,13.0,100.0,700.0,147.0,0.05442176870748299,-300.0,-300.0
eth-updown-5m-1789248600,eth,5m,UP,-53.64999976,0.0,-53.64999976,7.0,0.0,516.111112,146.0,0.0410958904109589,-300.0,-216.111112
eth-updown-5m-1789248900,eth,5m,UP,-102.0,0.0,-102.0,4.0,0.0,300.0,88.0,0.03409090909090909,-300.0,0.0
eth-updown-5m-1789249200,eth,5m,DOWN,-136.67777788,0.0,-136.67777788,14.0,300.0,730.277778,108.0,0.1111111111111111,-100.0,-330.277778
eth-updown-5m-1789249500,eth,5m,DOWN,-15.975652479999997,0.0,-15.975652479999997,8.0,0.0,606.173914,168.0,0.041666666666666664,-300.0,-306.17391399999997
eth-updown-5m-1789249800,eth,5m,DOWN,-106.0,0.0,-106.0,3.0,0.0,300.0,35.0,0.08571428571428572,0.0,-300.0
eth-updown-5m-1789250100,eth,5m,UP,-82.28655122000002,0.0,-82.28655122000002,8.0,0.0,499.19310099999996,105.0,0.0761904761904762,-383.616487,-115.576614
eth-updown-5m-1789250400,eth,5m,DOWN,-148.0,0.0,-148.0,7.0,100.0,500.0,99.0,0.06060606060606061,-100.0,-300.0
eth-updown-5m-1789250700,eth,5m,DOWN,-63.0,0.0,-63.0,6.0,0.0,600.0,133.0,0.045112781954887216,-300.0,-300.0
eth-updown-5m-1789251000,eth,5m,DOWN,-37.32727290999998,0.0,-37.32727290999998,10.0,0.0,652.727273,93.0,0.07526881720430108,-300.0,-352.72727299999997
eth-updown-5m-1789251300,eth,5m,UP,-39.17321757000001,0.0,-39.17321757000001,13.0,200.0,620.256685,85.0,0.12941176470588237,-306.16049399999997,-114.096191
eth-updown-5m-1789251600,eth,5m,UP,-45.0,0.0,-45.0,12.0,300.0,900.0,186.0,0.06451612903225806,-300.0,-300.0
eth-updown-5m-1789251900,eth,5m,DOWN,8.183599999999993,0.0,8.183599999999993,11.0,0.6799999999999997,700.0,116.0,0.06896551724137931,-300.0,-399.32
eth-updown-5m-1789252200,eth,5m,DOWN,9.08000020999998,0.0,9.08000020999998,11.0,200.0,610.461539,158.0,0.056962025316455694,-210.46153900000002,-200.0
sol-updown-15m-1789246800,sol,15m,UP,9.0,0.0,9.0,1.0,0.0,100.0,31.0,0.03225806451612903,0.0,-100.0
sol-updown-15m-1789247700,sol,15m,UP,48.0,0.0,48.0,3.0,0.0,300.0,198.0,0.015151515151515152,-100.0,-200.0
sol-updown-15m-1789248600,sol,15m,UP,0.0,0.0,0.0,0.0,0.0,0.0,42.0,0.0,0.0,0.0
sol-updown-15m-1789249500,sol,15m,DOWN,0.9599999999999937,0.0,0.9599999999999937,9.0,100.0,602.0,103.0,0.07766990291262135,-300.0,-202.0
sol-updown-15m-1789250400,sol,15m,DOWN,-67.78,0.0,-67.78,2.0,0.0,106.0,228.0,0.008771929824561403,-6.0,-100.0
sol-updown-15m-1789251300,sol,15m,UP,0.82133338,0.0,0.82133338,1.0,0.0,5.866667,105.0,0.009523809523809525,0.0,-5.866667
sol-updown-5m-1789246500,sol,5m,DOWN,2.600000000000005,0.0,2.600000000000005,7.0,0.0,620.0,129.0,0.05426356589147287,-320.0,-300.0
sol-updown-5m-1789246800,sol,5m,UP,7.999999999999986,0.0,7.999999999999986,8.0,0.0,610.0,147.0,0.047619047619047616,-300.0,-310.0
sol-updown-5m-1789247100,sol,5m,UP,-139.8,0.0,-139.8,4.0,0.0,315.0,170.0,0.023529411764705882,-300.0,-15.0
sol-updown-5m-1789247400,sol,5m,DOWN,-13.849999999999994,0.0,-13.849999999999994,8.0,100.0,607.0,177.0,0.04519774011299435,-200.0,-307.0
sol-updown-5m-1789247700,sol,5m,DOWN,-179.21486495,0.0,-179.21486495,4.0,0.0,309.864865,121.0,0.03305785123966942,0.0,-309.864865
sol-updown-5m-1789248000,sol,5m,UP,-65.19999999999999,0.0,-65.19999999999999,5.0,0.0,476.0,145.0,0.034482758620689655,-300.0,-176.0
sol-updown-5m-1789248300,sol,5m,UP,-72.0,0.0,-72.0,5.0,0.0,500.0,202.0,0.024752475247524754,-300.0,-200.0
sol-updown-5m-1789248600,sol,5m,DOWN,-97.11553742000001,0.0,-97.11553742000001,11.0,200.0,602.235186,204.0,0.05392156862745098,-102.05,-300.185186
sol-updown-5m-1789248900,sol,5m,UP,-105.6,0.0,-105.6,4.0,0.0,320.0,80.0,0.05,-320.0,0.0
sol-updown-5m-1789249200,sol,5m,DOWN,-7.999999999999986,0.0,-7.999999999999986,6.0,0.0,600.0,153.0,0.0392156862745098,-300.0,-300.0
sol-updown-5m-1789249500,sol,5m,DOWN,-26.333199819999997,0.0,-26.333199819999997,10.0,100.0,642.383638,153.0,0.058823529411764705,-242.38363799999996,-300.0
sol-updown-5m-1789250100,sol,5m,DOWN,-41.449999860000005,0.0,-41.449999860000005,7.0,0.0,605.961539,133.0,0.05263157894736842,-305.961539,-300.0
sol-updown-5m-1789250400,sol,5m,UP,41.0,0.0,41.0,5.0,0.0,500.0,116.0,0.04310344827586207,-200.0,-300.0
sol-updown-5m-1789250700,sol,5m,UP,-48.2,0.0,-48.2,9.0,100.0,720.0,131.0,0.06870229007633588,-320.0,-300.0
sol-updown-5m-1789251000,sol,5m,DOWN,87.05906168,0.0,87.05906168,12.0,100.0,607.847372,171.0,0.05847953216374269,-301.753622,-206.09375
sol-updown-5m-1789251300,sol,5m,UP,-5.990000000000004,0.0,-5.990000000000004,9.0,0.0,631.5,72.0,0.1111111111111111,-331.5,-300.0
sol-updown-5m-1789251600,sol,5m,UP,-33.947799530000005,0.0,-33.947799530000005,8.0,0.0,526.119261,228.0,0.02631578947368421,-300.0,-226.119261
sol-updown-5m-1789251900,sol,5m,DOWN,-36.357142839999995,0.0,-36.357142839999995,13.0,600.0,410.714286,105.0,0.10476190476190476,389.285714,-200.0
sol-updown-5m-1789252200,sol,5m,DOWN,-62.0,0.0,-62.0,6.0,0.0,600.0,115.0,0.05217391304347826,-300.0,-300.0
xrp-updown-15m-1789246800,xrp,15m,UP,18.1009,0.0,18.1009,2.0,0.0,110.03,80.0,0.025,0.0,-110.03
xrp-updown-15m-1789247700,xrp,15m,DOWN,82.0,0.0,82.0,2.0,0.0,200.0,290.0,0.006896551724137931,-200.0,0.0
xrp-updown-15m-1789248600,xrp,15m,DOWN,-13.0,0.0,-13.0,2.0,0.0,200.0,55.0,0.03636363636363636,0.0,-200.0
xrp-updown-15m-1789249500,xrp,15m,DOWN,-5.000000000000004,0.0,-5.000000000000004,1.0,0.0,100.0,88.0,0.011363636363636364,0.0,-100.0
xrp-updown-15m-1789250400,xrp,15m,DOWN,188.8,0.0,188.8,4.0,0.0,307.6,86.0,0.046511627906976744,-307.6,0.0
xrp-updown-5m-1789246500,xrp,5m,DOWN,0.0,0.0,0.0,0.0,0.0,0.0,158.0,0.0,0.0,0.0
xrp-updown-5m-1789246800,xrp,5m,UP,-56.14000000000001,0.0,-56.14000000000001,2.0,0.0,137.2,142.0,0.014084507042253521,-100.0,-37.2
xrp-updown-5m-1789247100,xrp,5m,UP,-23.0,0.0,-23.0,1.0,0.0,100.0,156.0,0.00641025641025641,-100.0,0.0
xrp-updown-5m-1789247400,xrp,5m,DOWN,174.7466662,0.0,174.7466662,5.0,0.0,408.933334,140.0,0.03571428571428571,-300.0,-108.933334
xrp-updown-5m-1789247700,xrp,5m,DOWN,-2.999999999999993,0.0,-2.999999999999993,3.0,0.0,300.0,136.0,0.022058823529411766,-100.0,-200.0
xrp-updown-5m-1789248000,xrp,5m,UP,-49.559400000000004,0.0,-49.559400000000004,4.0,0.0,308.94,365.0,0.010958904109589041,-208.94,-100.0
xrp-updown-5m-1789248300,xrp,5m,UP,70.5,0.0,70.5,4.0,0.0,309.0,196.0,0.02040816326530612,-100.0,-209.0
xrp-updown-5m-1789248600,xrp,5m,DOWN,-120.91,0.0,-120.91,4.0,0.0,313.0625,131.0,0.030534351145038167,-13.0625,-300.0
xrp-updown-5m-1789248900,xrp,5m,DOWN,-51.609199999999994,0.0,-51.609199999999994,8.0,114.59,406.6,200.0,0.04,-85.41,-206.6
xrp-updown-5m-1789249200,xrp,5m,DOWN,-133.86,0.0,-133.86,5.0,0.0,314.0,158.0,0.02531645569620253,-14.0,-300.0
xrp-updown-5m-1789249500,xrp,5m,DOWN,-66.0,0.0,-66.0,6.0,0.0,600.0,94.0,0.06382978723404255,-300.0,-300.0
xrp-updown-5m-1789249800,xrp,5m,DOWN,0.0,0.0,0.0,0.0,0.0,0.0,28.0,0.0,0.0,0.0
xrp-updown-5m-1789250100,xrp,5m,DOWN,82.0,0.0,82.0,4.0,0.0,400.0,134.0,0.029850746268656716,-300.0,-100.0
xrp-updown-5m-1789250400,xrp,5m,UP,94.0,0.0,94.0,2.0,0.0,200.0,164.0,0.012195121951219513,0.0,-200.0
xrp-updown-5m-1789250700,xrp,5m,DOWN,-45.44239999999999,0.0,-45.44239999999999,9.0,0.0,603.28,210.0,0.0380952380952381,-300.0,-303.28
xrp-updown-5m-1789251000,xrp,5m,UP,15.760000000000002,0.0,15.760000000000002,3.0,0.0,218.0,66.0,0.045454545454545456,-100.0,-118.0
xrp-updown-5m-1789251300,xrp,5m,UP,-5.0000000000000036,0.0,-5.0000000000000036,4.0,0.0,400.0,62.0,0.06451612903225806,-200.0,-200.0
xrp-updown-5m-1789251600,xrp,5m,UP,-55.0,0.0,-55.0,4.0,0.0,400.0,167.0,0.023952095808383235,-300.0,-100.0
xrp-updown-5m-1789251900,xrp,5m,DOWN,-93.42,0.0,-93.42,14.0,618.0,600.0,131.0,0.10687022900763359,318.0,-300.0
xrp-updown-5m-1789252200,xrp,5m,DOWN,11.0,0.0,11.0,3.0,0.0,300.0,132.0,0.022727272727272728,-200.0,-100.0
