slug,asset,horizon,outcome,net,gross,fees,n_fills,sold_up,sold_down,pairs,naked,fill_rate,orders,mean_ask_sum
btc-updown-15m-1789246800,btc,15m,DOWN,-21.0,-21.0,0.0,10.0,200.0,200.0,200.0,0.0,0.3333333333333333,24.0,1.0102222222222221
btc-updown-15m-1789247700,btc,15m,UP,-12.099999999999998,-12.099999999999998,0.0,10.0,200.0,182.5,182.5,17.5,0.26666666666666666,30.0,1.01
btc-updown-15m-1789248600,btc,15m,UP,-12.999999999999996,-12.999999999999996,0.0,19.0,350.0,300.0,300.0,50.0,0.26,50.0,1.01
btc-updown-15m-1789249500,btc,15m,UP,-17.503,-17.503,0.0,6.0,122.1,100.0,100.0,22.099999999999994,0.19230769230769232,26.0,1.01
btc-updown-15m-1789251300,btc,15m,DOWN,-41.47707986,-41.47707986,0.0,12.0,200.0,232.12788,200.0,32.127880000000005,0.2564102564102564,39.0,1.01
btc-updown-5m-1789246500,btc,5m,UP,-41.67028631999999,-41.67028631999999,0.0,26.0,520.714288,427.934369,427.934369,92.779919,0.4117647058823529,51.0,1.01
btc-updown-5m-1789246800,btc,5m,UP,-38.40758084999999,-38.40758084999999,0.0,32.0,543.417565,500.0,500.0,43.41756499999997,0.3888888888888889,54.0,1.0100000000000002
btc-updown-5m-1789247100,btc,5m,UP,-8.0,-8.0,0.0,27.0,500.0,500.0,500.0,0.0,0.37037037037037035,54.0,1.0102439024390244
btc-updown-5m-1789247400,btc,5m,DOWN,-9.999999999999996,-9.999999999999996,0.0,41.0,500.00000000000006,510.0,500.00000000000006,9.999999999999943,0.5384615384615384,39.0,1.010294117647059
btc-updown-5m-1789247700,btc,5m,UP,-32.04729922999999,-32.04729922999999,0.0,41.0,500.00000000000006,422.95564299999995,422.95564299999995,77.0443570000001,0.4634146341463415,41.0,1.0101666666666667
btc-updown-5m-1789248000,btc,5m,UP,-5.999999999999993,-5.999999999999993,0.0,45.0,500.0,500.00000000000006,500.0,5.684341886080802e-14,0.6451612903225806,31.0,1.0105797101449279
btc-updown-5m-1789248300,btc,5m,UP,-23.440539539999993,-23.440539539999993,0.0,30.0,550.0,530.989541,530.989541,19.01045899999997,0.6571428571428571,35.0,1.010125
btc-updown-5m-1789248600,btc,5m,UP,-9.500000000000007,-9.500000000000007,0.0,29.0,500.0,500.0,500.0,0.0,0.5263157894736842,38.0,1.0106730769230767
btc-updown-5m-1789248900,btc,5m,UP,-18.23734079999999,-18.23734079999999,0.0,25.0,508.02294,509.15,508.02294,1.1270599999999718,0.4791666666666667,48.0,1.0103649635036496
btc-updown-5m-1789249200,btc,5m,UP,-19.000000000000014,-19.000000000000014,0.0,41.0,500.0,500.0,500.0,0.0,0.5882352941176471,34.0,1.010789473684211
btc-updown-5m-1789249500,btc,5m,UP,-19.98591956999998,-19.98591956999998,0.0,25.0,517.030847,533.229292,517.030847,16.198444999999992,0.575,40.0,1.0106578947368423
btc-updown-5m-1789249800,btc,5m,DOWN,-30.258799319999998,-30.258799319999998,0.0,7.0,74.004618,150.0,74.004618,75.995382,0.45454545454545453,11.0,1.0102777777777778
btc-updown-5m-1789250700,btc,5m,DOWN,-37.500000000000014,-37.500000000000014,0.0,21.0,500.0,500.0,500.0,0.0,0.40816326530612246,49.0,1.0110714285714288
btc-updown-5m-1789251000,btc,5m,DOWN,56.975882059999975,56.975882059999975,0.0,25.0,500.0,416.294118,416.294118,83.70588199999997,0.25,76.0,1.0102222222222221
btc-updown-5m-1789251300,btc,5m,UP,-43.908591,-43.908591,0.0,23.0,541.3299999999999,452.32095,452.32095,89.00904999999995,0.3230769230769231,65.0,1.01
btc-updown-5m-1789251600,btc,5m,UP,-20.185333229999998,-20.185333229999998,0.0,29.0,532.283334,511.714287,511.714287,20.569046999999955,0.36507936507936506,63.0,1.0104964539007093
btc-updown-5m-1789251900,btc,5m,DOWN,-37.575959839999996,-37.575959839999996,0.0,31.0,385.24416699999995,424.74580000000003,385.24416699999995,39.50163300000008,0.34615384615384615,52.0,1.0100555555555555
btc-updown-5m-1789252200,btc,5m,UP,-36.655031939999986,-36.655031939999986,0.0,30.0,549.923328,572.442414,549.923328,22.519086000000016,0.46153846153846156,52.0,1.0100925925925925
btc-updown-5m-1789252500,btc,5m,UP,-49.000000000000014,-49.000000000000014,0.0,20.0,500.0,450.0,450.0,50.0,0.31666666666666665,60.0,1.0101111111111112
doge-updown-15m-1789246800,doge,15m,UP,-14.000000000000002,-14.000000000000002,0.0,1.0,50.0,0.0,0.0,50.0,0.043478260869565216,23.0,1.0238888888888886
doge-updown-15m-1789247700,doge,15m,DOWN,-0.01493482000000001,-0.01493482000000001,0.0,1.0,0.0,0.06493400000000005,0.0,0.06493400000000005,0.012195121951219513,82.0,1.0265555555555554
doge-updown-15m-1789248600,doge,15m,DOWN,8.0,8.0,0.0,1.0,50.0,0.0,0.0,50.0,0.02631578947368421,38.0,1.0220555555555555
doge-updown-15m-1789249500,doge,15m,DOWN,-7.3063288800000015,-7.3063288800000015,0.0,3.0,50.0,51.392404,50.0,1.392403999999999,0.06818181818181818,44.0,1.022111111111111
doge-updown-15m-1789250400,doge,15m,DOWN,-40.5,-40.5,0.0,1.0,0.0,50.0,0.0,50.0,0.022222222222222223,45.0,1.0153333333333332
doge-updown-15m-1789251300,doge,15m,UP,0.0,0.0,0.0,0.0,0.0,0.0,0.0,0.0,0.0,20.0,1.0232045454545455
doge-updown-5m-1789246500,doge,5m,DOWN,-14.500000000000002,-14.500000000000002,0.0,1.0,0.0,50.0,0.0,50.0,0.02702702702702703,37.0,1.0462222222222224
doge-updown-5m-1789246800,doge,5m,UP,0.0,0.0,0.0,0.0,0.0,0.0,0.0,0.0,0.0,70.0,1.0305
doge-updown-5m-1789247100,doge,5m,UP,-28.70592322,-28.70592322,0.0,2.0,54.085043,0.0,0.0,54.085043,0.041666666666666664,48.0,1.021899441340782
doge-updown-5m-1789247400,doge,5m,DOWN,28.879592000000002,28.879592000000002,0.0,4.0,50.0,56.0204,50.0,6.020400000000002,0.04054054054054054,74.0,1.0231111111111109
doge-updown-5m-1789247700,doge,5m,DOWN,0.0,0.0,0.0,0.0,0.0,0.0,0.0,0.0,0.0,55.0,1.022111111111111
doge-updown-5m-1789248300,doge,5m,DOWN,-30.991071749999996,-30.991071749999996,0.0,4.0,50.0,105.535715,50.0,55.535714999999996,0.034482758620689655,116.0,1.0295555555555556
doge-updown-5m-1789248600,doge,5m,DOWN,-0.8000000000000002,-0.8000000000000002,0.0,1.0,0.0,5.0,0.0,5.0,0.014285714285714285,70.0,1.036
doge-updown-5m-1789248900,doge,5m,DOWN,0.0,0.0,0.0,0.0,0.0,0.0,0.0,0.0,0.0,78.0,1.0361111111111112
doge-updown-5m-1789249200,doge,5m,UP,-38.0,-38.0,0.0,1.0,50.0,0.0,0.0,50.0,0.010309278350515464,97.0,1.0292777777777777
doge-updown-5m-1789249500,doge,5m,DOWN,8.5,8.5,0.0,3.0,100.0,50.0,50.0,50.0,0.041666666666666664,72.0,1.0564444444444443
doge-updown-5m-1789249800,doge,5m,UP,0.0,0.0,0.0,0.0,0.0,0.0,0.0,0.0,0.0,17.0,1.0179444444444443
doge-updown-5m-1789250100,doge,5m,DOWN,8.7168,8.7168,0.0,2.0,52.24,0.0,0.0,52.24,0.05128205128205128,39.0,1.032111111111111
doge-updown-5m-1789250400,doge,5m,UP,-25.0,-25.0,0.0,3.0,50.0,100.0,50.0,50.0,0.06382978723404255,47.0,1.0266666666666664
doge-updown-5m-1789250700,doge,5m,DOWN,53.81157845,53.81157845,0.0,3.0,100.0,3.4736849999999997,3.4736849999999997,96.526315,0.047619047619047616,63.0,1.029438202247191
doge-updown-5m-1789251000,doge,5m,DOWN,-13.774999999999999,-13.774999999999999,0.0,6.0,100.0,119.375,100.0,19.375,0.06097560975609756,82.0,1.0382222222222222
doge-updown-5m-1789251300,doge,5m,UP,-6.5082466399999985,-6.5082466399999985,0.0,3.0,50.206165999999996,50.0,50.0,0.20616599999999607,0.08108108108108109,37.0,1.0201111111111112
doge-updown-5m-1789251600,doge,5m,UP,-16.09420256,-16.09420256,0.0,4.0,111.231883,50.0,50.0,61.231882999999996,0.06896551724137931,58.0,1.0280555555555553
doge-updown-5m-1789251900,doge,5m,DOWN,0.0,0.0,0.0,0.0,0.0,0.0,0.0,0.0,0.0,71.0,1.0312777777777777
doge-updown-5m-1789252200,doge,5m,DOWN,-19.000000000000004,-19.000000000000004,0.0,2.0,50.0,50.0,50.0,0.0,0.034482758620689655,58.0,1.0205555555555554
eth-updown-15m-1789246800,eth,15m,UP,-0.013130999999999997,-0.013130999999999997,0.0,1.0,1.3130999999999986,0.0,0.0,1.3130999999999986,0.0625,16.0,1.0158928571428572
eth-updown-15m-1789247700,eth,15m,DOWN,-29.500000000000007,-29.500000000000007,0.0,10.0,200.0,250.0,200.0,50.0,0.10588235294117647,85.0,1.016
eth-updown-15m-1789248600,eth,15m,DOWN,32.0,32.0,0.0,12.0,300.0,250.0,250.0,50.0,0.21153846153846154,52.0,1.0132222222222218
eth-updown-15m-1789249500,eth,15m,DOWN,10.5,10.5,0.0,1.0,50.0,0.0,0.0,50.0,0.02,50.0,1.0114444444444444
eth-updown-15m-1789250400,eth,15m,DOWN,-17.5,-17.5,0.0,3.0,50.0,100.0,50.0,50.0,0.0625,48.0,1.0121666666666667
eth-updown-15m-1789251300,eth,15m,DOWN,14.657142120000003,14.657142120000003,0.0,4.0,100.0,77.14285799999999,77.14285799999999,22.85714200000001,0.125,32.0,1.0108333333333335
eth-updown-5m-1789246500,eth,5m,DOWN,-7.000000000000007,-7.000000000000007,0.0,4.0,100.0,100.0,100.0,0.0,0.10256410256410256,39.0,1.0101666666666667
eth-updown-5m-1789246800,eth,5m,UP,17.618690000000008,17.618690000000008,0.0,10.0,155.0,203.541,155.0,48.541,0.140625,64.0,1.0110000000000001
eth-updown-5m-1789247100,eth,5m,UP,-34.18996857,-34.18996857,0.0,10.0,204.639343,115.756945,115.756945,88.882398,0.18,50.0,1.010388888888889
eth-updown-5m-1789247400,eth,5m,DOWN,38.17545,38.17545,0.0,16.0,250.0,321.445,250.0,71.445,0.16666666666666666,84.0,1.0105555555555557
eth-updown-5m-1789247700,eth,5m,DOWN,-27.452399920000005,-27.452399920000005,0.0,7.0,98.28666700000002,100.0,98.28666700000002,1.7133329999999773,0.15,40.0,1.0103333333333333
eth-updown-5m-1789248000,eth,5m,DOWN,17.5,17.5,0.0,3.0,100.0,50.0,50.0,50.0,0.037037037037037035,81.0,1.0109444444444444
eth-updown-5m-1789248300,eth,5m,UP,-13.999999999999998,-13.999999999999998,0.0,11.0,200.0,150.0,150.0,50.0,0.12280701754385964,57.0,1.0105
eth-updown-5m-1789248600,eth,5m,UP,-1.1499997600000018,-1.1499997600000018,0.0,6.0,100.0,116.111112,100.0,16.111112000000006,0.1,50.0,1.010888888888889
eth-updown-5m-1789248900,eth,5m,UP,-25.0,-25.0,0.0,2.0,50.0,0.0,0.0,50.0,0.03571428571428571,28.0,1.0107222222222223
eth-updown-5m-1789249200,eth,5m,DOWN,-37.42777788000001,-37.42777788000001,0.0,11.0,200.0,255.277778,200.0,55.27777800000001,0.2,50.0,1.0102222222222221
eth-updown-5m-1789249500,eth,5m,DOWN,-16.975652479999997,-16.975652479999997,0.0,11.0,200.0,206.173914,200.0,6.173913999999996,0.11538461538461539,78.0,1.0137222222222224
eth-updown-5m-1789249800,eth,5m,DOWN,-24.5,-24.5,0.0,1.0,0.0,50.0,0.0,50.0,0.08333333333333333,12.0,1.0106111111111113
eth-updown-5m-1789250100,eth,5m,UP,-32.27199954,-32.27199954,0.0,7.0,150.0,65.576614,65.576614,84.423386,0.175,40.0,1.0114792899408285
eth-updown-5m-1789250400,eth,5m,DOWN,-24.999999999999996,-24.999999999999996,0.0,6.0,100.0,150.0,100.0,50.0,0.12195121951219512,41.0,1.0117777777777779
eth-updown-5m-1789250700,eth,5m,DOWN,-24.0,-24.0,0.0,9.0,250.0,200.0,200.0,50.0,0.13432835820895522,67.0,1.0116666666666667
eth-updown-5m-1789251000,eth,5m,DOWN,36.50000000000001,36.50000000000001,0.0,10.0,200.0,150.0,150.0,50.0,0.18421052631578946,38.0,1.010388888888889
eth-updown-5m-1789251300,eth,5m,UP,-8.745217569999996,-8.745217569999996,0.0,16.0,206.160494,174.736191,174.736191,31.42430300000001,0.2558139534883721,43.0,1.0107222222222223
eth-updown-5m-1789251600,eth,5m,UP,-24.999999999999996,-24.999999999999996,0.0,11.0,300.0,250.0,250.0,50.0,0.12643678160919541,87.0,1.0107222222222223
eth-updown-5m-1789251900,eth,5m,DOWN,13.341142999999997,13.341142999999997,0.0,11.0,196.705715,200.0,196.705715,3.294285000000002,0.15384615384615385,52.0,1.0107777777777778
eth-updown-5m-1789252200,eth,5m,DOWN,-50.419999790000006,-50.419999790000006,0.0,9.0,110.461539,200.0,110.461539,89.538461,0.10294117647058823,68.0,1.0111666666666668
sol-updown-15m-1789246800,sol,15m,UP,4.5,4.5,0.0,1.0,0.0,50.0,0.0,50.0,0.07692307692307693,13.0,1.0199666666666665
sol-updown-15m-1789247700,sol,15m,UP,10.000000000000002,10.000000000000002,0.0,2.0,50.0,50.0,50.0,0.0,0.0392156862745098,51.0,1.0428888888888888
sol-updown-15m-1789248600,sol,15m,UP,0.0,0.0,0.0,0.0,0.0,0.0,0.0,0.0,0.0,21.0,1.0177222222222222
sol-updown-15m-1789249500,sol,15m,DOWN,-49.540000000000006,-49.540000000000006,0.0,5.0,50.0,102.0,50.0,52.0,0.10526315789473684,38.0,1.0174444444444444
sol-updown-15m-1789250400,sol,15m,DOWN,-31.28,-31.28,0.0,2.0,6.0,50.0,6.0,44.0,0.02666666666666667,75.0,1.0354444444444442
sol-updown-15m-1789251300,sol,15m,UP,0.82133338,0.82133338,0.0,1.0,0.0,5.866667,0.0,5.866667,0.019230769230769232,52.0,1.0267333333333333
sol-updown-5m-1789246500,sol,5m,DOWN,-2.0000000000000018,-2.0000000000000018,0.0,6.0,150.0,150.0,150.0,0.0,0.13333333333333333,45.0,1.0215555555555553
sol-updown-5m-1789246800,sol,5m,UP,-16.5,-16.5,0.0,12.0,250.0,260.0,250.0,10.0,0.14473684210526316,76.0,1.0135
sol-updown-5m-1789247100,sol,5m,UP,-22.826063310000002,-22.826063310000002,0.0,3.0,50.372333,15.0,15.0,35.372333,0.05,60.0,1.0146111111111111
sol-updown-5m-1789247400,sol,5m,DOWN,50.650000000000006,50.650000000000006,0.0,12.0,250.0,307.0,250.0,57.0,0.1411764705882353,85.0,1.0174444444444444
sol-updown-5m-1789247700,sol,5m,DOWN,-32.0,-32.0,0.0,1.0,0.0,50.0,0.0,50.0,0.025,40.0,1.0288333333333333
sol-updown-5m-1789248000,sol,5m,UP,-29.5,-29.5,0.0,3.0,100.0,50.0,50.0,50.0,0.0625,48.0,1.0174999999999998
sol-updown-5m-1789248300,sol,5m,UP,-16.499999999999996,-16.499999999999996,0.0,4.0,100.0,100.0,100.0,0.0,0.05194805194805195,77.0,1.0188888888888887
sol-updown-5m-1789248600,sol,5m,DOWN,-3.4995374200000064,-3.4995374200000064,0.0,8.0,151.25,150.185186,150.185186,1.0648140000000126,0.0963855421686747,83.0,1.0193333333333332
sol-updown-5m-1789248900,sol,5m,UP,-23.5,-23.5,0.0,1.0,50.0,0.0,0.0,50.0,0.037037037037037035,27.0,1.0168333333333333
sol-updown-5m-1789249200,sol,5m,DOWN,36.00000000000001,36.00000000000001,0.0,7.0,200.0,150.0,150.0,50.0,0.0875,80.0,1.0175555555555555
sol-updown-5m-1789249500,sol,5m,DOWN,-15.833199819999997,-15.833199819999997,0.0,11.0,192.38363799999996,250.0,192.38363799999996,57.61636200000004,0.16393442622950818,61.0,1.0444999999999998
sol-updown-5m-1789250100,sol,5m,DOWN,-34.949999860000005,-34.949999860000005,0.0,10.0,205.96153900000002,250.0,205.96153900000002,44.038460999999984,0.12987012987012986,77.0,1.0164999999999997
sol-updown-5m-1789250400,sol,5m,UP,32.0,32.0,0.0,3.0,50.0,100.0,50.0,50.0,0.07692307692307693,39.0,1.016222222222222
sol-updown-5m-1789250700,sol,5m,UP,-42.519999739999996,-42.519999739999996,0.0,15.0,370.0,303.470589,303.470589,66.52941099999998,0.1875,80.0,1.0147777777777778
sol-updown-5m-1789251000,sol,5m,DOWN,-38.29000082000001,-38.29000082000001,0.0,9.0,151.753622,200.0,151.753622,48.24637799999999,0.08421052631578947,95.0,1.0184444444444445
sol-updown-5m-1789251300,sol,5m,UP,-7.750000000000004,-7.750000000000004,0.0,6.0,150.0,100.0,100.0,50.0,0.17857142857142858,28.0,1.0145672514619881
sol-updown-5m-1789251600,sol,5m,UP,-13.447799529999998,-13.447799529999998,0.0,8.0,150.0,126.119261,126.119261,23.880739000000005,0.05263157894736842,114.0,1.0153333333333332
sol-updown-5m-1789251900,sol,5m,DOWN,0.14285716000000104,0.14285716000000104,0.0,5.0,110.714286,100.0,100.0,10.714286000000001,0.1282051282051282,39.0,1.0209090909090908
sol-updown-5m-1789252200,sol,5m,DOWN,44.83333308,44.83333308,0.0,7.0,200.0,104.166667,104.166667,95.833333,0.125,56.0,1.0149999999999997
xrp-updown-15m-1789246800,xrp,15m,UP,9.2009,9.2009,0.0,2.0,0.0,60.03,0.0,60.03,0.09523809523809523,21.0,1.0209444444444444
xrp-updown-15m-1789247700,xrp,15m,DOWN,18.5,18.5,0.0,1.0,50.0,0.0,0.0,50.0,0.007936507936507936,126.0,1.0960555555555556
xrp-updown-15m-1789248600,xrp,15m,DOWN,-3.4999999999999973,-3.4999999999999973,0.0,1.0,0.0,50.0,0.0,50.0,0.045454545454545456,22.0,1.0107777777777778
xrp-updown-15m-1789249500,xrp,15m,DOWN,-2.500000000000002,-2.500000000000002,0.0,1.0,0.0,50.0,0.0,50.0,0.025,40.0,1.0236666666666665
xrp-updown-15m-1789250400,xrp,15m,DOWN,31.300000000000004,31.300000000000004,0.0,2.0,57.6,0.0,0.0,57.6,0.06060606060606061,33.0,1.0134999999999996
xrp-updown-5m-1789246500,xrp,5m,DOWN,0.0,0.0,0.0,0.0,0.0,0.0,0.0,0.0,0.0,79.0,1.023222222222222
xrp-updown-5m-1789246800,xrp,5m,UP,-27.140000000000004,-27.140000000000004,0.0,2.0,50.0,37.2,37.2,12.799999999999997,0.037037037037037035,54.0,1.0200555555555555
xrp-updown-5m-1789247100,xrp,5m,UP,-11.5,-11.5,0.0,1.0,50.0,0.0,0.0,50.0,0.014084507042253521,71.0,1.019
xrp-updown-5m-1789247400,xrp,5m,DOWN,55.24666620000001,55.24666620000001,0.0,4.0,100.0,58.933334,58.933334,41.066666,0.07017543859649122,57.0,1.0172222222222222
xrp-updown-5m-1789247700,xrp,5m,DOWN,-1.4999999999999964,-1.4999999999999964,0.0,3.0,50.0,100.0,50.0,50.0,0.0625,48.0,1.0336666666666665
xrp-updown-5m-1789248000,xrp,5m,UP,-27.059400000000004,-27.059400000000004,0.0,4.0,108.94,50.0,50.0,58.94,0.02857142857142857,140.0,1.0240555555555555
xrp-updown-5m-1789248300,xrp,5m,UP,14.000000000000002,14.000000000000002,0.0,2.0,50.0,50.0,50.0,0.0,0.03389830508474576,59.0,1.0172777777777775
xrp-updown-5m-1789248600,xrp,5m,DOWN,-28.41,-28.41,0.0,2.0,13.0625,50.0,13.0625,36.9375,0.03636363636363636,55.0,1.0236871508379888
xrp-updown-5m-1789248900,xrp,5m,DOWN,-25.000000000000004,-25.000000000000004,0.0,3.0,50.0,100.0,50.0,50.0,0.05263157894736842,57.0,1.025111111111111
xrp-updown-5m-1789249200,xrp,5m,DOWN,-42.86,-42.86,0.0,4.0,14.0,100.0,14.0,86.0,0.057692307692307696,52.0,1.0208888888888887
xrp-updown-5m-1789249500,xrp,5m,DOWN,-13.5,-13.5,0.0,3.0,100.0,50.0,50.0,50.0,0.07692307692307693,39.0,1.0386666666666666
xrp-updown-5m-1789249800,xrp,5m,DOWN,0.0,0.0,0.0,0.0,0.0,0.0,0.0,0.0,0.0,14.0,1.034748603351955
xrp-updown-5m-1789250100,xrp,5m,DOWN,16.5,16.5,0.0,3.0,100.0,50.0,50.0,50.0,0.075,40.0,1.0172777777777777
xrp-updown-5m-1789250400,xrp,5m,UP,28.999999999999996,28.999999999999996,0.0,1.0,0.0,50.0,0.0,50.0,0.02127659574468085,47.0,1.0209444444444444
xrp-updown-5m-1789250700,xrp,5m,DOWN,-22.689999999999998,-22.689999999999998,0.0,8.0,150.0,151.0,150.0,1.0,0.06306306306306306,111.0,1.0381111111111112
xrp-updown-5m-1789251000,xrp,5m,UP,5.000000000000002,5.000000000000002,0.0,2.0,50.0,50.0,50.0,0.0,0.08695652173913043,23.0,1.0145555555555557
xrp-updown-5m-1789251300,xrp,5m,UP,-2.5000000000000018,-2.5000000000000018,0.0,4.0,100.0,100.0,100.0,0.0,0.14814814814814814,27.0,1.014388888888889
xrp-updown-5m-1789251600,xrp,5m,UP,-19.5,-19.5,0.0,3.0,100.0,50.0,50.0,50.0,0.03896103896103896,77.0,1.0157777777777777
xrp-updown-5m-1789251900,xrp,5m,DOWN,-24.000000000000004,-24.000000000000004,0.0,4.0,100.0,100.0,100.0,0.0,0.09090909090909091,44.0,1.0247777777777776
xrp-updown-5m-1789252200,xrp,5m,DOWN,5.5,5.5,0.0,3.0,100.0,50.0,50.0,50.0,0.06,50.0,1.0218888888888886
